pin_no,board,title,cover_copy,subcopy,description,tags,link
1,Aging Parents Checklist,If Mom Went to the ER Tonight,If Mom Went to the ER Tonight,"Would you know her meds, doctors, insurance, and who to call first?","Start a printable emergency binder for aging parents before your family has to guess. Use this guide to gather medications, doctors, insurance, documents, bills, pets, and first-call contacts.","aging parents; emergency binder; caregiver checklist; printable planner; family emergency plan",https://www.my-echo-box.com/emergency-binder-for-aging-parents.html
2,Caregiver Organization,The Medication List Your Family Needs,The Medication List Your Family Needs,"Current meds. Doses. Allergies. Pharmacy. Doctor.","A printable medication section can save your family from searching through bottles, texts, and drawers during an emergency. Start with a calm aging parent emergency binder.","medication list; elderly parent care; caregiver binder; emergency checklist; printable template",https://www.my-echo-box.com/emergency-binder-for-aging-parents.html
3,Aging Parents Checklist,Ask Your Parent This Tonight,Ask Your Parent This Tonight,"If you had to go to the hospital, what should I know first?","Use this gentle conversation starter to gather emergency contacts, doctors, medications, insurance, documents, home notes, and care wishes.","aging parents; parent conversation; caregiver tips; family emergency binder; printable checklist",https://www.my-echo-box.com/emergency-binder-for-aging-parents.html
4,Family Documents Organizer,Where Are the Important Papers?,Where Are the Important Papers?,"Insurance. IDs. Will. POA. Keys. Safe. Bills.","A family emergency binder helps adult children and caregivers find the household details and documents that matter first.","important documents; family binder; emergency file; aging parent organizer; printable planner",https://www.my-echo-box.com/emergency-binder-for-aging-parents.html
5,Caregiver Organization,Caregiver Binder for Aging Parents,Caregiver Binder for Aging Parents,"One place for doctors, meds, bills, pets, and home notes.","Make the first version of a caregiver emergency binder with a free printable checklist and a complete binder option from The Echo Box.","caregiver binder; aging parents; emergency binder; family organizer; printable PDF",https://www.my-echo-box.com/emergency-binder-for-aging-parents.html
6,Family Emergency Binder,Who Has the Spare Key?,Who Has the Spare Key?,Emergencies are not the time to search group chats.,"Add keys, alarm hints, neighbors, pets, shutoffs, and home instructions to a printable family emergency binder before the hard moment.","home emergency plan; spare key; family emergency binder; aging parent care; printable checklist",https://www.my-echo-box.com/emergency-binder-for-aging-parents.html
7,Printable Emergency Planner,The First Hour Emergency Checklist,The First Hour Emergency Checklist,"Who to call. What meds. Which doctor. Where documents are.","Start with the information your family would need in the first hour after an aging parent emergency.","emergency checklist; printable checklist; family emergency plan; aging parents; caregiver tools",https://www.my-echo-box.com/emergency-binder-for-aging-parents.html
8,Family Documents Organizer,Bills Do Not Pause for a Crisis,Bills Do Not Pause for a Crisis,"Mortgage. Utilities. Phone. Care costs. Subscriptions.","Add bill locations and urgent household payments to an emergency binder so family members know what cannot be missed.","bills checklist; family organizer; emergency binder; aging parents; home management",https://www.my-echo-box.com/emergency-binder-for-aging-parents.html
9,Family Emergency Binder,"If Your Parent Is Hospitalized, Who Feeds the Pet?",If Your Parent Is Hospitalized,Who feeds the pet?,"Pet care belongs in the family emergency binder. Write down food, vet, routines, medications, and backup caregivers before the crisis.","pet care plan; aging parents; emergency binder; caregiver checklist; home instructions",https://www.my-echo-box.com/emergency-binder-for-aging-parents.html
10,Printable Emergency Planner,Why Printable Beats Another App,Why Printable Beats Another App,"No login. No battery. No guessing.","Emergency information should be easy for family to open. A printable binder can sit with insurance cards, keys, medication lists, and important papers.","printable planner; emergency binder; family emergency plan; caregiver binder; aging parent checklist",https://www.my-echo-box.com/emergency-binder-for-aging-parents.html
